trial_id,timestamp,candidate_id,formula_id,division,instrument_set,horizon,params_hash,partition,n_trades,eff_n,ic,t_stat,p_raw,p_effN,expectancy_bps,sharpe,max_dd,capture_ratio,status,notes
1,2026-08-22T03:51:31.453117+00:00,X10_POT_GPD_u95_p0.99_ksl4.76,X10,X,XAUUSD,H60,,screen,5855,,,-13.71,,,-1.81,,,,"EVALUATED_NOL_LOLOS_OR_PENDING (5/15 checks, F5)",
2,2026-08-22T03:51:31.453117+00:00,X21_SHIRYAEV_ROBERTS_A10,X21,X,XAUUSD,,,screen,4000,,,-13.66,,,-2.51,,,,"EVALUATED_NOL_LOLOS_OR_PENDING (5/15 checks, F5)",
3,2026-08-22T03:51:31.453117+00:00,X21_SHIRYAEV_ROBERTS_A30,X21,X,XAUUSD,,,screen,4000,,,-12.11,,,-2.56,,,,"EVALUATED_NOL_LOLOS_OR_PENDING (5/15 checks, F5)",
4,2026-08-22T03:51:31.453117+00:00,X22_CUSUM_h3,X22,X,XAUUSD,H60,,screen,4000,,,-12.15,,,-2.59,,,,"EVALUATED_NOL_LOLOS_OR_PENDING (5/15 checks, F5)",
5,2026-08-22T03:51:31.453117+00:00,X32_VOL_TARGETING_tv50,X32,X,XAUUSD,H60,,screen,8000,,,-3.58,,,-2.59,,,,"EVALUATED_NOL_LOLOS_OR_PENDING (5/15 checks, F5)",
6,2026-08-22T03:51:31.453117+00:00,X32_VOL_TARGETING_tv100,X32,X,XAUUSD,H60,,screen,8000,,,-3.58,,,-2.59,,,,"EVALUATED_NOL_LOLOS_OR_PENDING (5/15 checks, F5)",
7,2026-08-22T03:51:31.453117+00:00,X32_VOL_TARGETING_tv150,X32,X,XAUUSD,H60,,screen,8000,,,-3.58,,,-2.59,,,,"EVALUATED_NOL_LOLOS_OR_PENDING (5/15 checks, F5)",
8,2026-08-22T03:51:31.453117+00:00,X22_CUSUM_h5,X22,X,XAUUSD,H60,,screen,4000,,,-10.71,,,-2.64,,,,"EVALUATED_NOL_LOLOS_OR_PENDING (5/15 checks, F5)",
9,2026-08-22T03:51:31.453117+00:00,X21_SHIRYAEV_ROBERTS_A100,X21,X,XAUUSD,,,screen,4000,,,-11.40,,,-2.67,,,,"EVALUATED_NOL_LOLOS_OR_PENDING (5/15 checks, F5)",
10,2026-08-22T03:51:31.453117+00:00,X33_DRAWDOWN_CONSTRAINED_g2.0_fmax1.0,X33,X,XAUUSD,H60,,screen,8000,,,-21.65,,,-2.71,,,,"EVALUATED_NOL_LOLOS_OR_PENDING (5/15 checks, F5)",
11,2026-08-22T03:51:31.453117+00:00,X33_DRAWDOWN_CONSTRAINED_g1.0_fmax1.0,X33,X,XAUUSD,H60,,screen,8000,,,-17.51,,,-2.74,,,,"EVALUATED_NOL_LOLOS_OR_PENDING (5/15 checks, F5)",
12,2026-08-22T03:51:31.453117+00:00,X22_CUSUM_h8,X22,X,XAUUSD,H60,,screen,4000,,,-10.40,,,-2.76,,,,"EVALUATED_NOL_LOLOS_OR_PENDING (5/15 checks, F5)",
13,2026-08-22T03:51:31.453117+00:00,X23_ULTIMATE_MAX_c0.2,X23,X,XAUUSD,H60,,screen,4000,,,-9.74,,,-2.82,,,,"EVALUATED_NOL_LOLOS_OR_PENDING (5/15 checks, F5)",
14,2026-08-22T03:51:31.453117+00:00,X23_ULTIMATE_MAX_c0.35,X23,X,XAUUSD,H60,,screen,4000,,,-9.74,,,-2.82,,,,"EVALUATED_NOL_LOLOS_OR_PENDING (5/15 checks, F5)",
15,2026-08-22T03:51:31.453117+00:00,X23_ULTIMATE_MAX_c0.5,X23,X,XAUUSD,H60,,screen,4000,,,-9.74,,,-2.82,,,,"EVALUATED_NOL_LOLOS_OR_PENDING (5/15 checks, F5)",
16,2026-08-22T03:51:31.453117+00:00,X33_DRAWDOWN_CONSTRAINED_g2.0_fmax0.5,X33,X,XAUUSD,H60,,screen,8000,,,-45.58,,,-2.86,,,,"EVALUATED_NOL_LOLOS_OR_PENDING (5/15 checks, F5)",
17,2026-08-22T03:51:31.453117+00:00,X06_VERTICAL_ONLY_BASELINE,X06,X,XAUUSD,H60,,screen,8000,,,-11.88,,,-2.86,,,,"EVALUATED_NOL_LOLOS_OR_PENDING (5/15 checks, F5)",
18,2026-08-22T03:51:31.453117+00:00,X10_POT_GPD_u90_p0.95_ksl2.14,X10,X,XAUUSD,H60,,screen,6507,,,-32.58,,,-2.86,,,,"EVALUATED_NOL_LOLOS_OR_PENDING (5/15 checks, F5)",
19,2026-08-22T03:51:31.453117+00:00,X33_DRAWDOWN_CONSTRAINED_g1.0_fmax0.5,X33,X,XAUUSD,H60,,screen,8000,,,-36.67,,,-2.87,,,,"EVALUATED_NOL_LOLOS_OR_PENDING (5/15 checks, F5)",
20,2026-08-22T03:51:31.453117+00:00,X20_SPRT_a0.05_b0.1,X20,X,XAUUSD,H60,,screen,4000,,,-55.57,,,-2.97,,,,"EVALUATED_NOL_LOLOS_OR_PENDING (5/15 checks, F5)",
21,2026-08-22T03:51:31.453117+00:00,X20_SPRT_a0.1_b0.2,X20,X,XAUUSD,H60,,screen,4000,,,-64.70,,,-2.99,,,,"EVALUATED_NOL_LOLOS_OR_PENDING (5/15 checks, F5)",
22,2026-08-22T03:51:31.453117+00:00,X31_FRACTIONAL_KELLY_lam0.1_f0.000,X31,X,XAUUSD,H60,,screen,8000,,,0.00,,,-3.00,,,,"EVALUATED_NOL_LOLOS_OR_PENDING (4/15 checks, F5)",
23,2026-08-22T03:51:31.453117+00:00,X31_FRACTIONAL_KELLY_lam0.25_f0.000,X31,X,XAUUSD,H60,,screen,8000,,,0.00,,,-3.00,,,,"EVALUATED_NOL_LOLOS_OR_PENDING (4/15 checks, F5)",
24,2026-08-22T03:51:31.453117+00:00,X31_FRACTIONAL_KELLY_lam0.33_f0.000,X31,X,XAUUSD,H60,,screen,8000,,,0.00,,,-3.00,,,,"EVALUATED_NOL_LOLOS_OR_PENDING (4/15 checks, F5)",
25,2026-08-22T03:51:31.453117+00:00,X31_FRACTIONAL_KELLY_lam0.5_f0.000,X31,X,XAUUSD,H60,,screen,8000,,,0.00,,,-3.00,,,,"EVALUATED_NOL_LOLOS_OR_PENDING (4/15 checks, F5)",
26,2026-08-22T03:51:31.453117+00:00,X03_TIME_DECAY_d1.0,X03,X,XAUUSD,H60,,screen,3000,,,-29.20,,,-3.17,,,,"EVALUATED_NOL_LOLOS_OR_PENDING (5/15 checks, F5)",
27,2026-08-22T03:51:31.453117+00:00,X03_TIME_DECAY_d0.6,X03,X,XAUUSD,H60,,screen,3000,,,-28.55,,,-3.18,,,,"EVALUATED_NOL_LOLOS_OR_PENDING (5/15 checks, F5)",
28,2026-08-22T03:51:31.453117+00:00,X03_TIME_DECAY_d0.3,X03,X,XAUUSD,H60,,screen,3000,,,-31.37,,,-3.43,,,,"EVALUATED_NOL_LOLOS_OR_PENDING (5/15 checks, F5)",
29,2026-08-22T03:51:31.453117+00:00,X11_HILL_TAIL_kfrac0.05_ksl0.76,X11,X,XAUUSD,,,screen,7308,,,-80.55,,,-3.61,,,,"EVALUATED_NOL_LOLOS_OR_PENDING (5/15 checks, F5)",
30,2026-08-22T03:51:31.453117+00:00,X11_HILL_TAIL_kfrac0.1_ksl0.88,X11,X,XAUUSD,,,screen,7304,,,-73.69,,,-3.63,,,,"EVALUATED_NOL_LOLOS_OR_PENDING (5/15 checks, F5)",
31,2026-08-22T03:51:31.453117+00:00,X11_HILL_TAIL_kfrac0.15_ksl0.99,X11,X,XAUUSD,,,screen,7301,,,-68.75,,,-3.63,,,,"EVALUATED_NOL_LOLOS_OR_PENDING (5/15 checks, F5)",
32,2026-08-22T03:51:31.453117+00:00,X02_ASYM_SKEW_base1.5_w0.5,X02,X,XAUUSD,H60,,screen,7260,,,-50.81,,,-3.69,,,,"EVALUATED_NOL_LOLOS_OR_PENDING (5/15 checks, F5)",
33,2026-08-22T03:51:31.453117+00:00,X02_ASYM_SKEW_base1.5_w1.0,X02,X,XAUUSD,H60,,screen,7250,,,-51.33,,,-3.71,,,,"EVALUATED_NOL_LOLOS_OR_PENDING (5/15 checks, F5)",
34,2026-08-22T03:51:31.453117+00:00,X01_TRIPLE_BARRIER_ksl1.5_ktp2.5,X01,X,XAUUSD,H60,,screen,7202,,,-49.24,,,-3.77,,,,"EVALUATED_NOL_LOLOS_OR_PENDING (5/15 checks, F5)",
35,2026-08-22T03:51:31.453117+00:00,X02_ASYM_SKEW_base2.0_w1.0,X02,X,XAUUSD,H60,,screen,7163,,,-48.20,,,-3.82,,,,"EVALUATED_NOL_LOLOS_OR_PENDING (5/15 checks, F5)",
36,2026-08-22T03:51:31.453117+00:00,X02_ASYM_SKEW_base2.0_w0.5,X02,X,XAUUSD,H60,,screen,7158,,,-47.45,,,-3.86,,,,"EVALUATED_NOL_LOLOS_OR_PENDING (5/15 checks, F5)",
37,2026-08-22T03:51:31.453117+00:00,E01_MOMENTUM_L6,E01,E,XAUUSD,H60,,screen,19721,,,-67.35,,,-3.34,,,,"EVALUATED_NOL_LOLOS_OR_PENDING (5/12 checks, F6)",gross_bps=-0.34
38,2026-08-22T03:51:31.453117+00:00,E01_MOMENTUM_L12,E01,E,XAUUSD,H60,,screen,19722,,,-67.92,,,-3.37,,,,"EVALUATED_NOL_LOLOS_OR_PENDING (5/12 checks, F6)",gross_bps=-0.37
39,2026-08-22T03:51:31.453117+00:00,E01_MOMENTUM_L24,E01,E,XAUUSD,H60,,screen,19678,,,-69.00,,,-3.43,,,,"EVALUATED_NOL_LOLOS_OR_PENDING (5/12 checks, F6)",gross_bps=-0.43
40,2026-08-22T03:51:31.453117+00:00,E01_MOMENTUM_L48,E01,E,XAUUSD,H60,,screen,19631,,,-66.10,,,-3.29,,,,"EVALUATED_NOL_LOLOS_OR_PENDING (5/12 checks, F6)",gross_bps=-0.29
41,2026-08-22T03:51:31.453117+00:00,E10_VARIANCE_RATIO_q2,E10,E,XAUUSD,H60,,screen,19709,,,-63.57,,,-3.20,,,,"EVALUATED_NOL_LOLOS_OR_PENDING (4/12 checks, F6)",gross_bps=-0.20
42,2026-08-22T03:51:31.453117+00:00,E10_VARIANCE_RATIO_q4,E10,E,XAUUSD,H60,,screen,19707,,,-63.19,,,-3.19,,,,"EVALUATED_NOL_LOLOS_OR_PENDING (4/12 checks, F6)",gross_bps=-0.19
43,2026-08-22T03:51:31.453117+00:00,E10_VARIANCE_RATIO_q8,E10,E,XAUUSD,H60,,screen,19702,,,-63.78,,,-3.21,,,,"EVALUATED_NOL_LOLOS_OR_PENDING (4/12 checks, F6)",gross_bps=-0.21
44,2026-08-22T03:51:31.453117+00:00,E10_VARIANCE_RATIO_q16,E10,E,XAUUSD,H60,,screen,19696,,,-63.45,,,-3.20,,,,"EVALUATED_NOL_LOLOS_OR_PENDING (4/12 checks, F6)",gross_bps=-0.20
45,2026-08-22T03:51:31.453117+00:00,E22_DFA_w96_p1,E22,E,XAUUSD,H60,,screen,19705,,,-65.74,,,-3.29,,,,"EVALUATED_NOL_LOLOS_OR_PENDING (5/12 checks, F6)",gross_bps=-0.29
46,2026-08-22T03:51:31.453117+00:00,E22_DFA_w96_p2,E22,E,XAUUSD,H60,,screen,19705,,,-64.89,,,-3.25,,,,"EVALUATED_NOL_LOLOS_OR_PENDING (4/12 checks, F6)",gross_bps=-0.25
47,2026-08-22T03:51:31.453117+00:00,E22_DFA_w288_p1,E22,E,XAUUSD,H60,,screen,19711,,,-65.20,,,-3.26,,,,"EVALUATED_NOL_LOLOS_OR_PENDING (5/12 checks, F6)",gross_bps=-0.26
48,2026-08-22T03:51:31.453117+00:00,M11_META_LABELING_t0.6,M11,M,XAUUSD,H60,,screen,503,,,-0.68,,,-0.21,,,,"SMOKE_TEST_INCOMPLETE (2/15 checks, F7)",SMOKE_TEST_50K_BARS_NOT_FULL_RUN
49,2026-08-22T03:51:31.453117+00:00,M11_META_LABELING_t0.5,M11,M,XAUUSD,H60,,screen,4700,,,-8.45,,,-1.23,,,,"SMOKE_TEST_INCOMPLETE (6/15 checks, F7)",SMOKE_TEST_50K_BARS_NOT_FULL_RUN
50,2026-08-22T03:51:31.453117+00:00,M_PRIMARY_UNFILTERED_E80_QUANTREG_tau0.25,M,M,XAUUSD,H60,,screen,23236,,,-19.25,,,-1.92,,,,"SMOKE_TEST_INCOMPLETE (5/15 checks, F7)",SMOKE_TEST_50K_BARS_NOT_FULL_RUN
51,2026-08-22T03:51:31.453117+00:00,M07_RIDGE_a10.0,M07,M,XAUUSD,H60,,screen,6871,,,-20.00,,,-2.97,,,,"SMOKE_TEST_INCOMPLETE (5/15 checks, F7)",SMOKE_TEST_50K_BARS_NOT_FULL_RUN
52,2026-08-22T03:51:31.453117+00:00,M07_RIDGE_a1.0,M07,M,XAUUSD,H60,,screen,6871,,,-20.03,,,-2.97,,,,"SMOKE_TEST_INCOMPLETE (5/15 checks, F7)",SMOKE_TEST_50K_BARS_NOT_FULL_RUN
53,2026-08-22T03:51:31.453117+00:00,M07_RIDGE_a0.01,M07,M,XAUUSD,H60,,screen,6871,,,-20.03,,,-2.97,,,,"SMOKE_TEST_INCOMPLETE (5/15 checks, F7)",SMOKE_TEST_50K_BARS_NOT_FULL_RUN
54,2026-08-22T03:51:31.453117+00:00,M07_RIDGE_a0.1,M07,M,XAUUSD,H60,,screen,6871,,,-20.03,,,-2.97,,,,"SMOKE_TEST_INCOMPLETE (5/15 checks, F7)",SMOKE_TEST_50K_BARS_NOT_FULL_RUN
55,2026-08-22T03:51:31.453117+00:00,M03_LIGHTGBM_d4_lr0.03,M03,M,XAUUSD,,,screen,7008,,,-19.04,,,-2.99,,,,"SMOKE_TEST_INCOMPLETE (5/15 checks, F7)",SMOKE_TEST_50K_BARS_NOT_FULL_RUN
56,2026-08-22T03:51:31.453117+00:00,M02_XGBOOST_MONO_d3_lr0.1,M02,M,XAUUSD,H60,,screen,8949,,,-22.29,,,-3.04,,,,"SMOKE_TEST_INCOMPLETE (5/15 checks, F7)",SMOKE_TEST_50K_BARS_NOT_FULL_RUN
57,2026-08-22T03:51:31.453117+00:00,M01_CATBOOST_d4_lr0.03,M01,M,XAUUSD,H60,,screen,8212,,,-21.67,,,-3.11,,,,"SMOKE_TEST_INCOMPLETE (5/15 checks, F7)",SMOKE_TEST_50K_BARS_NOT_FULL_RUN
58,2026-08-22T03:51:31.453117+00:00,M02_XGBOOST_MONO_d3_lr0.03,M02,M,XAUUSD,H60,,screen,9218,,,-23.86,,,-3.21,,,,"SMOKE_TEST_INCOMPLETE (5/15 checks, F7)",SMOKE_TEST_50K_BARS_NOT_FULL_RUN
59,2026-08-22T03:51:31.453117+00:00,M02_XGBOOST_MONO_d5_lr0.03,M02,M,XAUUSD,H60,,screen,9163,,,-32.46,,,-3.67,,,,"SMOKE_TEST_INCOMPLETE (5/15 checks, F7)",SMOKE_TEST_50K_BARS_NOT_FULL_RUN
60,2026-08-22T03:51:31.453117+00:00,M01_CATBOOST_d6_lr0.1,M01,M,XAUUSD,H60,,screen,9246,,,-34.90,,,-3.78,,,,"SMOKE_TEST_INCOMPLETE (5/15 checks, F7)",SMOKE_TEST_50K_BARS_NOT_FULL_RUN
61,2026-08-22T03:51:31.453117+00:00,M03_LIGHTGBM_d4_lr0.1,M03,M,XAUUSD,,,screen,9258,,,-36.49,,,-3.90,,,,"SMOKE_TEST_INCOMPLETE (5/15 checks, F7)",SMOKE_TEST_50K_BARS_NOT_FULL_RUN
62,2026-08-22T03:51:31.453117+00:00,M03_LIGHTGBM_d6_lr0.1,M03,M,XAUUSD,,,screen,9066,,,-36.39,,,-3.91,,,,"SMOKE_TEST_INCOMPLETE (5/15 checks, F7)",SMOKE_TEST_50K_BARS_NOT_FULL_RUN
63,2026-08-22T03:51:31.453117+00:00,M03_LIGHTGBM_d6_lr0.03,M03,M,XAUUSD,,,screen,9283,,,-36.58,,,-3.94,,,,"SMOKE_TEST_INCOMPLETE (5/15 checks, F7)",SMOKE_TEST_50K_BARS_NOT_FULL_RUN
64,2026-08-22T03:51:31.453117+00:00,M06_LASSO_a0.001,M06,M,XAUUSD,H60,,screen,7173,,,-42.75,,,-4.32,,,,"SMOKE_TEST_INCOMPLETE (5/15 checks, F7)",SMOKE_TEST_50K_BARS_NOT_FULL_RUN
65,2026-08-22T03:51:31.453117+00:00,M06_LASSO_a0.01,M06,M,XAUUSD,H60,,screen,7173,,,-42.75,,,-4.32,,,,"SMOKE_TEST_INCOMPLETE (5/15 checks, F7)",SMOKE_TEST_50K_BARS_NOT_FULL_RUN
66,2026-08-22T03:51:31.453117+00:00,M06_LASSO_a0.1,M06,M,XAUUSD,H60,,screen,7173,,,-42.75,,,-4.32,,,,"SMOKE_TEST_INCOMPLETE (5/15 checks, F7)",SMOKE_TEST_50K_BARS_NOT_FULL_RUN
67,2026-08-22T03:51:31.453117+00:00,M06_LASSO_a1.0,M06,M,XAUUSD,H60,,screen,7173,,,-42.75,,,-4.32,,,,"SMOKE_TEST_INCOMPLETE (5/15 checks, F7)",SMOKE_TEST_50K_BARS_NOT_FULL_RUN
68,2026-08-22T03:51:31.453117+00:00,M08_ELASTICNET_a0.01_l10.3,M08,M,XAUUSD,H60,,screen,7173,,,-42.75,,,-4.32,,,,"SMOKE_TEST_INCOMPLETE (5/15 checks, F7)",SMOKE_TEST_50K_BARS_NOT_FULL_RUN
69,2026-08-22T03:51:31.453117+00:00,M08_ELASTICNET_a0.01_l10.7,M08,M,XAUUSD,H60,,screen,7173,,,-42.75,,,-4.32,,,,"SMOKE_TEST_INCOMPLETE (5/15 checks, F7)",SMOKE_TEST_50K_BARS_NOT_FULL_RUN
70,2026-08-22T03:51:31.453117+00:00,M08_ELASTICNET_a0.1_l10.3,M08,M,XAUUSD,H60,,screen,7173,,,-42.75,,,-4.32,,,,"SMOKE_TEST_INCOMPLETE (5/15 checks, F7)",SMOKE_TEST_50K_BARS_NOT_FULL_RUN
71,2026-08-22T03:51:31.453117+00:00,M08_ELASTICNET_a0.1_l10.7,M08,M,XAUUSD,H60,,screen,7173,,,-42.75,,,-4.32,,,,"SMOKE_TEST_INCOMPLETE (5/15 checks, F7)",SMOKE_TEST_50K_BARS_NOT_FULL_RUN
72,2026-08-22T03:51:31.453117+00:00,M08_ELASTICNET_a1.0_l10.3,M08,M,XAUUSD,H60,,screen,7173,,,-42.75,,,-4.32,,,,"SMOKE_TEST_INCOMPLETE (5/15 checks, F7)",SMOKE_TEST_50K_BARS_NOT_FULL_RUN
73,2026-08-22T03:51:31.453117+00:00,M08_ELASTICNET_a1.0_l10.7,M08,M,XAUUSD,H60,,screen,7173,,,-42.75,,,-4.32,,,,"SMOKE_TEST_INCOMPLETE (5/15 checks, F7)",SMOKE_TEST_50K_BARS_NOT_FULL_RUN
74,2026-08-22T03:51:31.453117+00:00,M01_CATBOOST_d4_lr0.1,M01,M,XAUUSD,H60,,screen,9350,,,-47.31,,,-4.58,,,,"SMOKE_TEST_INCOMPLETE (5/15 checks, F7)",SMOKE_TEST_50K_BARS_NOT_FULL_RUN
75,2026-08-22T03:51:31.453117+00:00,M01_CATBOOST_d6_lr0.03,M01,M,XAUUSD,H60,,screen,9349,,,-47.61,,,-4.64,,,,"SMOKE_TEST_INCOMPLETE (5/15 checks, F7)",SMOKE_TEST_50K_BARS_NOT_FULL_RUN
76,2026-08-22T03:51:31.453117+00:00,M02_XGBOOST_MONO_d5_lr0.1,M02,M,XAUUSD,H60,,screen,9339,,,-48.50,,,-4.65,,,,"SMOKE_TEST_INCOMPLETE (5/15 checks, F7)",SMOKE_TEST_50K_BARS_NOT_FULL_RUN
